IP地址,端口,服务地址,是否匿名,类型,存活时间,验证时间
59.57.149.46,9999,福建厦门,高匿,HTTP,44天,19-10-24 13:00
117.95.198.176,9999,江苏宿迁,高匿,HTTPS,1分钟,19-10-24 13:00
117.28.96.45,9999,福建泉州,高匿,HTTPS,1分钟,19-10-24 13:00
58.253.157.230,9999,广东揭阳,高匿,HTTPS,1分钟,19-10-24 13:00
27.152.91.163,9999,福建泉州,高匿,HTTP,1分钟,19-10-24 12:21
27.152.91.75,9999,福建泉州,高匿,HTTP,3天,19-10-24 12:21
183.164.238.139,9999,安徽宿州,高匿,HTTP,1分钟,19-10-24 12:21
117.69.200.86,9999,安徽淮北,高匿,HTTP,1分钟,19-10-24 12:20
106.110.200.141,9999,广东,高匿,HTTP,1分钟,19-10-24 12:20
121.205.84.169,33264,福建泉州,高匿,HTTPS,413天,19-10-24 12:20
59.57.38.227,9999,福建泉州,高匿,HTTP,1分钟,19-10-24 12:20
60.216.101.46,59351,山东济南,高匿,HTTP,394天,19-10-24 12:00
114.239.251.160,9999,江苏宿迁市泗阳县,高匿,HTTPS,1分钟,19-10-24 12:00
117.69.50.91,9999,安徽淮南,高匿,HTTPS,1分钟,19-10-24 12:00
117.95.214.152,9999,江苏宿迁,高匿,HTTPS,1分钟,19-10-24 12:00
122.5.108.58,9999,山东淄博,高匿,HTTPS,1分钟,19-10-24 12:00
123.169.103.202,9999,山东淄博,高匿,HTTPS,1分钟,19-10-24 12:00
117.69.201.58,9999,安徽淮北,高匿,HTTP,1分钟,19-10-24 11:21
49.89.221.113,9999,江苏宿迁,高匿,HTTP,1分钟,19-10-24 11:20
114.239.148.21,808,江苏宿迁市泗阳县,高匿,HTTP,854天,19-10-24 11:20
114.239.148.88,808,江苏宿迁市泗阳县,高匿,HTTPS,886天,19-10-24 11:20
114.239.146.100,808,江苏宿迁市泗阳县,高匿,HTTP,935天,19-10-24 11:20
171.35.223.56,9999,江西,高匿,HTTPS,1分钟,19-10-24 11:00
117.95.200.198,9999,江苏宿迁,高匿,HTTPS,1分钟,19-10-24 11:00
27.152.91.47,9999,福建泉州,高匿,HTTPS,1分钟,19-10-24 11:00
117.57.91.156,22259,安徽淮北,高匿,HTTPS,521天,19-10-24 11:00
120.83.109.213,9999,广东揭阳市普宁,高匿,HTTPS,3天,19-10-24 11:00
117.91.130.106,9999,江苏扬州,高匿,HTTPS,1分钟,19-10-24 11:00
114.239.42.144,9999,江苏宿迁,高匿,HTTP,1分钟,19-10-24 10:20
117.57.90.111,9999,安徽淮北,高匿,HTTP,1分钟,19-10-24 10:20
114.239.42.28,9999,江苏宿迁,高匿,HTTP,1分钟,19-10-24 10:20
121.205.15.179,9999,福建泉州,高匿,HTTP,1分钟,19-10-24 10:20
183.164.238.8,47964,安徽宿州,高匿,HTTPS,516天,19-10-24 10:20
59.57.38.135,9999,福建泉州,高匿,HTTP,1分钟,19-10-24 10:20
117.30.113.179,9999,福建,高匿,HTTPS,2天,19-10-24 10:20
171.35.163.20,9999,江西,高匿,HTTPS,1分钟,19-10-24 10:00
182.35.86.54,9999,山东泰安,高匿,HTTPS,1分钟,19-10-24 10:00
113.194.29.122,9999,江西,高匿,HTTPS,1分钟,19-10-24 10:00
120.83.104.144,9999,广东揭阳,高匿,HTTP,1分钟,19-10-24 09:20
117.69.200.92,9999,安徽淮北,高匿,HTTP,1分钟,19-10-24 09:20
106.110.212.246,9999,广东,高匿,HTTP,1分钟,19-10-24 09:20
117.28.97.98,9999,福建泉州,高匿,HTTP,1分钟,19-10-24 09:20
117.57.90.225,9999,安徽淮北,高匿,HTTP,1分钟,19-10-24 09:20
183.164.238.215,9999,安徽宿州,高匿,HTTP,7天,19-10-24 09:20
117.69.201.94,32256,安徽淮北,高匿,HTTPS,510天,19-10-24 09:20
171.35.170.100,9999,江西,高匿,HTTPS,1分钟,19-10-24 09:00
121.233.109.105,9999,江苏徐州,高匿,HTTPS,1分钟,19-10-24 09:00
182.35.83.131,9999,山东泰安,高匿,HTTPS,1分钟,19-10-24 09:00
117.30.113.69,9999,福建,高匿,HTTPS,3天,19-10-24 09:00
117.26.44.147,9999,福建泉州市晋江,高匿,HTTP,1分钟,19-10-24 08:21
114.239.255.74,808,江苏宿迁市泗阳县,高匿,HTTPS,863天,19-10-24 08:21
59.57.148.97,9999,福建厦门,高匿,HTTP,1分钟,19-10-24 08:20
183.166.6.163,9999,安徽淮南,高匿,HTTP,1分钟,19-10-24 08:20
117.57.91.131,24978,安徽淮北,高匿,HTTPS,510天,19-10-24 08:20
171.35.223.136,9999,江西,高匿,HTTPS,1分钟,19-10-24 08:00
106.110.212.112,9999,广东,高匿,HTTPS,1分钟,19-10-24 08:00
27.43.190.140,9999,广东梅州,高匿,HTTP,1分钟,19-10-24 07:20
114.239.198.124,9999,江苏宿迁市泗阳县,高匿,HTTP,1分钟,19-10-24 07:20
27.152.91.237,9999,福建泉州,高匿,HTTP,1分钟,19-10-24 07:20
59.57.148.221,9999,福建厦门,高匿,HTTP,60天,19-10-24 07:20
113.120.37.229,9999,山东济南,高匿,HTTPS,2天,19-10-24 07:20
117.57.90.117,22605,安徽淮北,高匿,HTTP,519天,19-10-24 07:20
117.69.201.51,9999,安徽淮北,高匿,HTTPS,2天,19-10-24 07:20
117.57.91.187,9999,安徽淮北,高匿,HTTPS,1分钟,19-10-24 07:00
117.69.201.78,9999,安徽淮北,高匿,HTTPS,1分钟,19-10-24 07:00
117.57.90.125,9999,安徽淮北,高匿,HTTPS,1分钟,19-10-24 07:00
182.35.87.19,9999,山东泰安,高匿,HTTPS,1分钟,19-10-24 07:00
123.169.102.253,9999,山东淄博,高匿,HTTP,1分钟,19-10-24 06:21
171.35.174.238,9999,江西,高匿,HTTP,1分钟,19-10-24 06:21
222.89.32.150,9999,河南济源,高匿,HTTP,96天,19-10-24 06:21
117.69.201.48,9999,安徽淮北,高匿,HTTP,1分钟,19-10-24 06:20
121.233.251.101,9999,江苏扬州,高匿,HTTPS,107天,19-10-24 06:20
117.69.25.204,9999,安徽淮南,高匿,HTTP,1分钟,19-10-24 06:20
183.164.239.234,9999,安徽宿州,高匿,HTTPS,1天,19-10-24 06:20
117.30.112.12,9999,福建,高匿,HTTP,1分钟,19-10-24 06:20
110.87.250.78,9999,福建福州,高匿,HTTPS,1分钟,19-10-24 06:00
114.239.148.254,808,江苏宿迁市泗阳县,高匿,HTTP,857天,19-10-24 06:00
117.69.201.101,9999,安徽淮北,高匿,HTTPS,1分钟,19-10-24 06:00
183.164.239.188,9999,安徽宿州,高匿,HTTPS,13天,19-10-24 06:00
117.95.195.37,9999,江苏宿迁,高匿,HTTPS,1分钟,19-10-24 06:00
223.242.224.103,9999,安徽阜阳,高匿,HTTPS,1分钟,19-10-24 06:00
182.35.87.180,9999,山东泰安,高匿,HTTP,1分钟,19-10-24 05:20
113.195.225.250,9999,江西赣州,高匿,HTTP,1分钟,19-10-24 05:20
59.57.148.93,9999,福建厦门,高匿,HTTPS,29天,19-10-24 05:20
114.239.0.254,808,江苏宿迁,高匿,HTTP,953天,19-10-24 05:20
117.69.200.97,9999,安徽淮北,高匿,HTTP,1分钟,19-10-24 05:20
39.84.112.245,9999,山东,高匿,HTTP,1分钟,19-10-24 05:20
175.148.73.10,1133,辽宁葫芦岛,高匿,HTTPS,1天,19-10-24 05:20
118.212.104.30,9999,江西赣州,高匿,HTTP,9天,19-10-24 05:20
60.13.42.228,9999,甘肃平凉,高匿,HTTPS,76天,19-10-24 05:20
27.152.9.72,9999,福建泉州,高匿,HTTPS,1分钟,19-10-24 05:00
60.190.250.120,8080,浙江杭州,高匿,HTTPS,474天,19-10-24 05:00
115.223.98.196,8010,浙江温州,高匿,HTTPS,1分钟,19-10-24 05:00
49.89.85.142,9999,江苏宿迁,高匿,HTTPS,1分钟,19-10-24 05:00
175.148.102.70,1133,辽宁葫芦岛,高匿,HTTPS,3小时,19-10-24 05:00
175.43.87.195,9999,福建泉州,高匿,HTTPS,1分钟,19-10-24 05:00
117.57.90.52,9999,安徽淮北,高匿,HTTPS,1分钟,19-10-24 05:00
125.115.182.122,3128,浙江宁波,高匿,HTTPS,1分钟,19-10-24 05:00
110.89.123.75,9999,福建,高匿,HTTP,1分钟,19-10-24 04:20
27.43.189.248,9999,广东梅州,高匿,HTTP,1分钟,19-10-24 04:20
117.57.90.52,9999,安徽淮北,高匿,HTTPS,1分钟,19-10-24 05:00
125.115.182.122,3128,浙江宁波,高匿,HTTPS,1分钟,19-10-24 05:00
110.89.123.75,9999,福建,高匿,HTTP,1分钟,19-10-24 04:20
27.43.189.248,9999,广东梅州,高匿,HTTP,1分钟,19-10-24 04:20
175.165.190.190,1133,辽宁葫芦岛,高匿,HTTP,1天,19-10-24 04:20
125.92.102.210,9999,广东江门,高匿,HTTP,1分钟,19-10-24 04:20
60.12.89.218,57299,浙江嘉兴,高匿,HTTPS,408天,19-10-24 04:20
183.164.239.181,40186,安徽宿州,高匿,HTTPS,519天,19-10-24 04:20
125.92.105.78,9999,广东江门,高匿,HTTP,1分钟,19-10-24 04:20
117.69.201.238,9999,安徽淮北,高匿,HTTP,1分钟,19-10-24 04:20
61.145.8.123,9999,广东江门,高匿,HTTP,1分钟,19-10-24 04:20
61.145.8.217,9999,广东江门,高匿,HTTP,1分钟,19-10-24 04:20
220.249.149.148,9999,福建南平,高匿,HTTP,1分钟,19-10-24 04:20
36.57.86.15,9999,安徽,高匿,HTTPS,1分钟,19-10-24 04:00
49.89.220.110,9999,江苏宿迁,高匿,HTTPS,1分钟,19-10-24 04:00
116.27.246.236,9999,广东江门,高匿,HTTPS,1分钟,19-10-24 04:00
36.57.76.136,9999,安徽,高匿,HTTPS,1分钟,19-10-24 04:00
36.57.87.187,9999,安徽,高匿,HTTPS,1分钟,19-10-24 04:00
116.27.246.168,9999,广东江门,高匿,HTTPS,1分钟,19-10-24 04:00
118.25.191.84,8080,河北,高匿,HTTPS,14天,19-10-24 03:20
182.35.87.82,9999,山东泰安,高匿,HTTP,85天,19-10-24 03:20
182.35.82.203,9999,山东泰安市肥城,高匿,HTTP,85天,19-10-24 03:20
110.189.152.86,52277,四川自贡,高匿,HTTPS,389天,19-10-24 03:20
27.152.206.24,9999,福建泉州,高匿,HTTP,1分钟,19-10-24 03:20
117.95.200.224,9999,江苏宿迁,高匿,HTTP,1分钟,19-10-24 03:20
121.40.108.76,80,河北衡水,高匿,HTTP,1474天,19-10-24 03:00
117.57.91.191,9999,安徽淮北,高匿,HTTPS,1分钟,19-10-24 03:00
1.197.16.132,9999,河南许昌,高匿,HTTPS,1分钟,19-10-24 03:00
123.163.96.217,9999,河南洛阳,高匿,HTTP,1分钟,19-10-24 02:20
1.193.244.167,9999,河南洛阳,高匿,HTTP,1分钟,19-10-24 02:20
60.217.64.237,31923,山东威海,高匿,HTTP,351天,19-10-24 02:20
124.95.82.73,8118,辽宁本溪,高匿,HTTPS,22小时,19-10-24 02:20
123.163.97.214,9999,河南洛阳,高匿,HTTP,115天,19-10-24 02:20
183.164.238.87,27516,安徽宿州,高匿,HTTPS,409天,19-10-24 02:00
114.239.148.154,808,江苏宿迁市泗阳县,高匿,HTTP,912天,19-10-24 02:00
114.239.249.55,9999,江苏宿迁市泗阳县,高匿,HTTPS,1分钟,19-10-24 02:00
123.163.97.46,9999,河南洛阳,高匿,HTTP,93天,19-10-24 02:00
119.23.45.52,8080,,高匿,HTTPS,24天,19-10-24 02:00
117.69.200.156,22732,安徽淮北,高匿,HTTPS,509天,19-10-24 01:20
183.164.238.213,9999,安徽宿州,高匿,HTTP,1分钟,19-10-24 01:20
117.69.201.35,9999,安徽淮北,高匿,HTTP,1分钟,19-10-24 01:20
175.10.24.153,3128,湖南,高匿,HTTP,9天,19-10-24 01:20
175.150.102.162,1133,辽宁葫芦岛,高匿,HTTP,2天,19-10-24 01:20
183.166.132.175,9999,安徽合肥,高匿,HTTP,1分钟,19-10-24 00:20
1.197.10.84,9999,河南许昌,高匿,HTTP,1分钟,19-10-24 00:20
218.73.129.66,9999,浙江温州,高匿,HTTP,1分钟,19-10-24 00:20
123.101.237.237,9999,河南郑州,高匿,HTTP,1分钟,19-10-24 00:20
114.239.251.174,9999,江苏宿迁市泗阳县,高匿,HTTP,1分钟,19-10-24 00:20
182.34.26.206,9999,山东烟台,高匿,HTTP,1分钟,19-10-24 00:20
183.164.238.174,9999,安徽宿州,高匿,HTTPS,1分钟,19-10-24 00:00
183.164.239.114,9999,安徽宿州,高匿,HTTPS,1分钟,19-10-24 00:00
171.13.102.81,9999,河南,高匿,HTTPS,1分钟,19-10-24 00:00
27.152.90.226,9999,福建泉州,高匿,HTTPS,1分钟,19-10-24 00:00
113.195.225.14,9999,江西赣州,高匿,HTTPS,1分钟,19-10-24 00:00
60.13.42.202,9999,甘肃平凉,高匿,HTTPS,79天,19-10-23 23:20
120.83.107.97,9999,广东揭阳市普宁,高匿,HTTPS,52天,19-10-23 23:20
182.35.85.4,9999,山东泰安,高匿,HTTPS,85天,19-10-23 23:20
42.159.91.248,8080,北京,高匿,HTTPS,92天,19-10-23 23:20
122.4.48.27,9999,山东济南,高匿,HTTP,5天,19-10-23 23:20
117.28.97.3,9999,福建泉州,高匿,HTTPS,1分钟,19-10-23 23:00
222.189.191.12,9999,江苏扬州,高匿,HTTPS,1分钟,19-10-23 23:00
117.69.201.125,9999,安徽淮北,高匿,HTTPS,1分钟,19-10-23 23:00
59.57.148.57,9999,福建厦门,高匿,HTTPS,1分钟,19-10-23 23:00
121.205.84.181,9999,福建泉州,高匿,HTTP,1分钟,19-10-23 22:21
114.239.250.191,9999,江苏宿迁市泗阳县,高匿,HTTP,1分钟,19-10-23 22:21
27.152.90.46,9999,福建泉州,高匿,HTTPS,1天,19-10-23 22:20
117.69.201.79,9999,安徽淮北,高匿,HTTP,1分钟,19-10-23 22:20
113.128.121.108,9999,山东济南,高匿,HTTP,1分钟,19-10-23 22:20
182.35.83.144,9999,山东泰安,高匿,HTTP,1分钟,19-10-23 22:20
182.34.37.70,9999,山东烟台,高匿,HTTPS,1分钟,19-10-23 22:00
117.69.200.158,9999,安徽淮北,高匿,HTTPS,1分钟,19-10-23 22:00
117.69.201.189,23049,安徽淮北,高匿,HTTPS,510天,19-10-23 22:00
183.164.239.49,38434,安徽宿州,高匿,HTTPS,529天,19-10-23 22:00
182.34.33.187,9999,山东烟台,高匿,HTTPS,1分钟,19-10-23 22:00
123.169.116.54,9999,山东淄博,高匿,HTTP,1分钟,19-10-23 21:21
182.35.80.112,9999,山东泰安,高匿,HTTP,1分钟,19-10-23 21:21
114.239.146.117,9999,江苏宿迁市泗阳县,高匿,HTTP,1分钟,19-10-23 21:21
58.253.152.212,9999,广东揭阳,高匿,HTTP,1分钟,19-10-23 21:21
117.57.91.206,25645,安徽淮北,高匿,HTTP,486天,19-10-23 21:20
49.71.133.232,9999,江苏苏州,高匿,HTTP,1分钟,19-10-23 21:20
183.164.238.57,45124,安徽宿州,高匿,HTTP,510天,19-10-23 21:20
114.239.250.93,9999,江苏宿迁市泗阳县,高匿,HTTPS,1分钟,19-10-23 21:00
121.226.214.52,9999,江苏连云港,高匿,HTTPS,1分钟,19-10-23 21:00
183.166.97.39,9999,安徽淮南,高匿,HTTPS,1分钟,19-10-23 21:00
117.26.40.124,9999,福建泉州市晋江,高匿,HTTPS,1分钟,19-10-23 21:00
183.164.239.53,9999,安徽宿州,高匿,HTTPS,1分钟,19-10-23 21:00
182.34.33.18,9999,山东烟台,高匿,HTTPS,1分钟,19-10-23 21:00
117.69.200.187,9999,安徽淮北,高匿,HTTP,1分钟,19-10-23 20:20
183.164.239.17,9999,安徽宿州,高匿,HTTP,1分钟,19-10-23 20:20
183.164.238.190,9999,安徽宿州,高匿,HTTP,1分钟,19-10-23 20:20
117.69.200.84,9999,安徽淮北,高匿,HTTP,1分钟,19-10-23 20:20
59.57.149.233,9999,福建厦门,高匿,HTTP,1分钟,19-10-23 20:20
114.239.253.102,9999,江苏宿迁市泗阳县,高匿,HTTP,1分钟,19-10-23 20:20
183.164.238.73,9999,安徽宿州,高匿,HTTP,4小时,19-10-23 20:20
182.35.85.204,9999,山东泰安,高匿,HTTP,1分钟,19-10-23 20:20
183.164.238.233,9999,安徽宿州,高匿,HTTP,4天,19-10-23 19:21
117.57.91.233,9999,安徽淮北,高匿,HTTP,1分钟,19-10-23 19:20
120.83.110.81,9999,广东揭阳市普宁,高匿,HTTPS,83天,19-10-23 19:20
180.122.146.61,32139,江苏泰州,高匿,HTTPS,680天,19-10-23 19:20
27.152.90.223,9999,福建泉州,高匿,HTTP,1分钟,19-10-23 19:20
27.152.91.150,9999,福建泉州,高匿,HTTPS,1分钟,19-10-23 19:00
117.26.40.135,9999,福建泉州市晋江,高匿,HTTPS,1分钟,19-10-23 19:00
114.239.250.75,9999,江苏宿迁市泗阳县,高匿,HTTP,1分钟,19-10-23 18:20
27.42.168.46,48919,广东中山,高匿,HTTP,343天,19-10-23 18:20
117.57.91.45,9999,安徽淮北,高匿,HTTP,1分钟,19-10-23 18:20
182.35.80.23,9999,山东泰安,高匿,HTTP,1分钟,19-10-23 18:20
27.152.91.21,9999,福建泉州,高匿,HTTP,1分钟,19-10-23 18:20
183.166.138.165,9999,安徽合肥,高匿,HTTP,1分钟,19-10-23 18:20
117.57.91.164,9999,安徽淮北,高匿,HTTP,14小时,19-10-23 18:20
49.89.86.155,9999,江苏宿迁,高匿,HTTP,1分钟,19-10-23 18:20
183.164.239.170,9999,安徽宿州,高匿,HTTP,1分钟,19-10-23 18:20
117.69.201.161,9999,安徽淮北,高匿,HTTP,1分钟,19-10-23 18:20
117.69.200.8,9999,安徽淮北,高匿,HTTP,1分钟,19-10-23 18:20
27.152.90.56,9999,福建泉州,高匿,HTTPS,1分钟,19-10-23 18:00
120.83.105.202,9999,广东揭阳,高匿,HTTPS,1分钟,19-10-23 18:00
113.121.22.144,9999,山东,高匿,HTTP,89天,19-10-23 18:00
117.30.112.52,9999,福建,高匿,HTTPS,1分钟,19-10-23 18:00
117.69.201.9,9999,安徽淮北,高匿,HTTP,1分钟,19-10-23 17:20
182.35.80.165,9999,山东泰安,高匿,HTTP,1分钟,19-10-23 17:20
27.152.91.76,9999,福建泉州,高匿,HTTP,1分钟,19-10-23 17:20
27.152.9.237,9999,福建泉州,高匿,HTTP,1分钟,19-10-23 17:20
117.57.91.158,9999,安徽淮北,高匿,HTTP,1分钟,19-10-23 17:20
59.57.149.174,9999,福建厦门,高匿,HTTPS,10天,19-10-23 17:20
27.152.91.205,9999,福建泉州,高匿,HTTPS,1小时,19-10-23 17:20
117.57.90.213,22530,安徽淮北,高匿,HTTPS,512天,19-10-23 17:00
183.164.239.95,9999,安徽宿州,高匿,HTTPS,1分钟,19-10-23 17:00
59.57.149.178,9999,福建厦门,高匿,HTTP,14天,19-10-23 17:00
117.69.200.118,9999,安徽淮北,高匿,HTTPS,1分钟,19-10-23 17:00
117.57.90.132,30864,安徽淮北,高匿,HTTPS,410天,19-10-23 17:00
120.83.98.32,9999,广东揭阳市普宁,高匿,HTTPS,37天,19-10-23 17:00
49.70.64.246,9999,江苏苏州,高匿,HTTPS,1分钟,19-10-23 17:00
117.30.113.102,9999,福建,高匿,HTTP,1分钟,19-10-23 16:21
182.35.82.13,9999,山东泰安市肥城,高匿,HTTP,1分钟,19-10-23 16:20
59.57.148.85,9999,福建厦门,高匿,HTTP,3天,19-10-23 16:20
1.198.73.98,9999,河南,高匿,HTTP,157天,19-10-23 16:20
114.239.147.23,808,江苏宿迁市泗阳县,高匿,HTTP,911天,19-10-23 16:20
27.152.91.54,9999,福建泉州,高匿,HTTPS,1分钟,19-10-23 16:00
182.35.84.230,9999,山东泰安,高匿,HTTPS,1分钟,19-10-23 16:00
36.249.53.57,9999,福建泉州,高匿,HTTPS,1分钟,19-10-23 16:00
49.89.87.237,9999,江苏宿迁,高匿,HTTP,1分钟,19-10-23 15:20
59.57.148.31,9999,福建厦门,高匿,HTTP,1分钟,19-10-23 15:20
183.164.239.64,9999,安徽宿州,高匿,HTTPS,8天,19-10-23 15:20
114.239.144.50,808,江苏宿迁市泗阳县,高匿,HTTP,949天,19-10-23 15:20
183.164.239.177,9999,安徽宿州,高匿,HTTP,1分钟,19-10-23 15:20
182.35.87.197,9999,山东泰安,高匿,HTTP,47天,19-10-23 15:20
117.28.97.202,9999,福建泉州,高匿,HTTPS,1分钟,19-10-23 15:00
27.152.90.108,9999,福建泉州,高匿,HTTPS,1分钟,19-10-23 15:00
59.57.148.87,9999,福建厦门,高匿,HTTPS,1分钟,19-10-23 15:00
49.89.84.241,9999,江苏宿迁,高匿,HTTPS,1分钟,19-10-23 15:00
27.152.90.202,9999,福建泉州,高匿,HTTPS,1分钟,19-10-23 15:00
117.57.90.88,9999,安徽淮北,高匿,HTTP,1分钟,19-10-23 14:20
183.164.238.158,9999,安徽宿州,高匿,HTTP,7天,19-10-23 14:20
117.57.90.245,48152,安徽淮北,高匿,HTTP,418天,19-10-23 14:20
183.164.239.125,9999,安徽宿州,高匿,HTTP,1分钟,19-10-23 14:20
117.69.200.52,9999,安徽淮北,高匿,HTTP,1分钟,19-10-23 14:20
183.164.239.6,26080,安徽宿州,高匿,HTTPS,518天,19-10-23 14:20
58.253.155.227,9999,广东揭阳,高匿,HTTPS,85天,19-10-23 14:20
113.121.22.174,9999,山东,高匿,HTTPS,138天,19-10-23 14:20
120.83.121.185,9999,广东揭阳,高匿,HTTP,1分钟,19-10-23 14:20
114.239.253.108,808,江苏宿迁市泗阳县,高匿,HTTPS,851天,19-10-23 14:00
106.111.53.207,9999,广东,高匿,HTTPS,1分钟,19-10-23 14:00
114.239.251.59,9999,江苏宿迁市泗阳县,高匿,HTTPS,1分钟,19-10-23 14:00
182.35.81.255,9999,山东泰安,高匿,HTTP,83天,19-10-23 14:00
106.110.212.208,9999,广东,高匿,HTTPS,12天,19-10-23 13:21
114.239.149.95,808,江苏宿迁市泗阳县,高匿,HTTPS,906天,19-10-23 13:20
117.28.96.157,9999,福建泉州,高匿,HTTPS,30天,19-10-23 13:20
183.164.238.206,9999,安徽宿州,高匿,HTTP,1分钟,19-10-23 13:20
183.166.124.60,9999,安徽淮南,高匿,HTTP,1分钟,19-10-23 13:20
117.69.200.132,9999,安徽淮北,高匿,HTTP,1分钟,19-10-23 13:20
61.145.8.78,9999,广东江门,高匿,HTTPS,1分钟,19-10-23 13:00
113.124.92.116,9999,山东烟台,高匿,HTTPS,1分钟,19-10-23 13:00
183.164.239.229,9999,安徽宿州,高匿,HTTPS,1分钟,19-10-23 13:00
114.239.251.1,9999,江苏宿迁市泗阳县,高匿,HTTPS,1分钟,19-10-23 13:00
59.57.148.211,9999,福建厦门,高匿,HTTPS,46天,19-10-23 12:21
117.69.201.211,9999,安徽淮北,高匿,HTTP,1分钟,19-10-23 12:20
222.85.28.130,40505,河南许昌市禹州,高匿,HTTP,135天,19-10-23 12:20
183.164.239.166,9999,安徽宿州,高匿,HTTP,1分钟,19-10-23 12:20
117.57.90.59,9999,安徽淮北,高匿,HTTPS,1分钟,19-10-23 12:00
27.152.91.211,9999,福建泉州,高匿,HTTPS,1分钟,19-10-23 12:00
183.164.239.104,49092,安徽宿州,高匿,HTTP,519天,19-10-23 12:00
117.95.214.191,9999,江苏宿迁,高匿,HTTPS,1小时,19-10-23 12:00
183.164.239.85,9999,安徽宿州,高匿,HTTPS,1分钟,19-10-23 12:00
59.57.149.220,9999,福建厦门,高匿,HTTPS,1分钟,19-10-23 12:00
182.35.83.137,9999,山东泰安,高匿,HTTPS,1分钟,19-10-23 12:00
183.154.50.186,9999,浙江金华,高匿,HTTPS,1分钟,19-10-23 12:00
114.239.252.27,9999,江苏宿迁市泗阳县,高匿,HTTP,1分钟,19-10-23 11:21
183.164.238.109,39663,安徽宿州,高匿,HTTP,516天,19-10-23 11:21
183.166.71.47,9999,安徽淮南,高匿,HTTP,1分钟,19-10-23 11:21
117.57.90.169,9999,安徽淮北,高匿,HTTP,1分钟,19-10-23 11:21
114.239.42.220,9999,江苏宿迁,高匿,HTTPS,63天,19-10-23 11:20
114.239.144.36,808,江苏宿迁市泗阳县,高匿,HTTP,953天,19-10-23 11:20
117.28.96.53,9999,福建泉州,高匿,HTTPS,1分钟,19-10-23 11:00
27.152.91.89,9999,福建泉州,高匿,HTTPS,1分钟,19-10-23 11:00
114.239.150.69,9999,江苏宿迁市泗阳县,高匿,HTTPS,1分钟,19-10-23 11:00
117.57.90.37,22255,安徽淮北,高匿,HTTP,520天,19-10-23 10:20
114.239.255.66,9999,江苏宿迁市泗阳县,高匿,HTTP,1分钟,19-10-23 10:20
222.190.222.48,9999,江苏泰州,高匿,HTTP,1分钟,19-10-23 10:20
114.230.24.156,9999,江苏扬州,高匿,HTTP,1分钟,19-10-23 10:20
114.239.29.112,9999,江苏宿迁,高匿,HTTP,1分钟,19-10-23 10:20
117.95.162.41,9999,江苏宿迁,高匿,HTTP,1分钟,19-10-23 10:20
